<?xml version="1.0" encoding="UTF-8" standalone="yes"?>
<x0:licenses_list xmlns:x0="urn://roszdravnadzor-ru/licenses/1.0.0"><x0:licenses><x0:name>Министерство здравоохранения Краснодарского края</x0:name><x0:activity_type>Медицинская деятельность</x0:activity_type><x0:full_name_licensee>Общество с ограниченной ответственностью «Центр эндоскопии и гастроэнтерологии»</x0:full_name_licensee><x0:abbreviated_name_licensee>ООО «ЭГЦ»</x0:abbreviated_name_licensee><x0:brand_name_licensee></x0:brand_name_licensee><x0:form>Общество с ограниченной ответственностью</x0:form><x0:address_region>Краснодарский край</x0:address_region><x0:address>350001, Россия, Краснодарский край, городской округ город Краснодар, г. Краснодар, ул. Ставропольская, д. 96/1</x0:address><x0:ogrn>1232300006289</x0:ogrn><x0:inn>2309181275</x0:inn><x0:work_address_list><x0:address_place><x0:address>350001, Краснодарский край, г. Краснодар, ул. Ставропольская, д. 96/1, литер А2, А3, часть нежилого помещения № 32, нежилые помещения 32/1, 33, 34, 40-43, нежилые помещения № 1-3 здания литер над/А2, А3</x0:address><x0:index>350001</x0:index><x0:region>Краснодарский край</x0:region><x0:street>г. Краснодар, ул. Ставропольская, д. 96/1, литер А2, А3, часть нежилого помещения № 32, нежилые помещения 32/1, 33, 34, 40-43, нежилые помещения № 1-3 здания литер над/А2, А3</x0:street><x0:code_fias>40fd4a9b-0a12-4cba-ad3a-dc984d2368be</x0:code_fias><x0:works><x0:work>1000. При оказании первичной медико-санитарной помощи организуются и выполняются следующие работы (услуги):</x0:work><x0:work>при оказании первичной доврачебной медико-санитарной помощи в амбулаторных условиях по:</x0:work><x0:work>сестринскому делу</x0:work><x0:work>при оказании первичной врачебной медико-санитарной помощи в амбулаторных условиях по:</x0:work><x0:work>терапии</x0:work><x0:work>при оказании первичной врачебной медико-санитарной помощи в условиях дневного стационара по:</x0:work><x0:work>терапии</x0:work><x0:work>при оказании первичной специализированной медико-санитарной помощи в амбулаторных условиях по:</x0:work><x0:work>анестезиологии и реаниматологии</x0:work><x0:work>гастроэнтерологии</x0:work><x0:work>колопроктологии</x0:work><x0:work>организации здравоохранения и общественному здоровью, эпидемиологии</x0:work><x0:work>ультразвуковой диагностике</x0:work><x0:work>эндоскопии</x0:work><x0:work>при оказании первичной специализированной медико-санитарной помощи в условиях дневного стационара по:</x0:work><x0:work>анестезиологии и реаниматологии</x0:work></x0:works></x0:address_place></x0:work_address_list><x0:number>Л041-01126-23/00664618</x0:number><x0:date>19.07.2023</x0:date><x0:number_orders>2726</x0:number_orders><x0:date_order>19.07.2023</x0:date_order><x0:date_register>19.07.2023</x0:date_register></x0:licenses></x0:licenses_list>
